{
    "dataset": "adult",
    "model": "xgboost",
    "seed": 55,
    "metrics": {
        "acc": 0.867553735926305,
        "auprc": 0.8201937989530008,
        "auroc": 0.9230606141246648,
        "train_time": 2.4455807209014893,
        "inference_time": 0.05249190330505371
    },
    "config": {
        "colsample_bytree": 0.7058916838426581,
        "gamma": 0.0009768806673497782,
        "learning_rate": 0.003805346501498945,
        "max_depth": 8,
        "min_child_weight": 2,
        "n_estimators": 1485,
        "subsample": 0.7700843690768302
    }
}