{
    "dataset": "adult",
    "model": "xgboost",
    "seed": 50,
    "metrics": {
        "acc": 0.867553735926305,
        "auprc": 0.8144512305409076,
        "auroc": 0.9225016827792977,
        "train_time": 2.5043513774871826,
        "inference_time": 0.05331993103027344
    },
    "config": {
        "colsample_bytree": 0.7058916838426581,
        "gamma": 0.0009768806673497782,
        "learning_rate": 0.003805346501498945,
        "max_depth": 8,
        "min_child_weight": 2,
        "n_estimators": 1485,
        "subsample": 0.7700843690768302
    }
}