{
    "dataset": "adult",
    "model": "xgboost",
    "seed": 48,
    "metrics": {
        "acc": 0.8806550665301944,
        "auprc": 0.8383621950949716,
        "auroc": 0.9334385972020285,
        "train_time": 2.4524002075195312,
        "inference_time": 0.045784711837768555
    },
    "config": {
        "colsample_bytree": 0.7058916838426581,
        "gamma": 0.0009768806673497782,
        "learning_rate": 0.003805346501498945,
        "max_depth": 8,
        "min_child_weight": 2,
        "n_estimators": 1485,
        "subsample": 0.7700843690768302
    }
}