{
    "dataset": "adult",
    "model": "xgboost",
    "seed": 52,
    "metrics": {
        "acc": 0.8771750255885363,
        "auprc": 0.8361656873650803,
        "auroc": 0.9300313719784787,
        "train_time": 2.472250461578369,
        "inference_time": 0.04996681213378906
    },
    "config": {
        "colsample_bytree": 0.7058916838426581,
        "gamma": 0.0009768806673497782,
        "learning_rate": 0.003805346501498945,
        "max_depth": 8,
        "min_child_weight": 2,
        "n_estimators": 1485,
        "subsample": 0.7700843690768302
    }
}