{
    "dataset": "adult",
    "model": "catboost",
    "seed": 44,
    "metrics": {
        "acc": 0.8655066530194473,
        "auprc": 0.8090740882680844,
        "auroc": 0.9187575563926736,
        "train_time": 10.322238206863403,
        "inference_time": 0.0145263671875
    },
    "config": {
        "colsample_bytree": 0.5892358393266599,
        "learning_rate": 0.026649359980053036,
        "max_depth": 10,
        "min_data_in_leaf": 24,
        "n_estimators": 1368,
        "subsample": 0.9170039276791857
    }
}