{
    "dataset": "adult",
    "model": "xgboost",
    "seed": 53,
    "metrics": {
        "acc": 0.8753326509723643,
        "auprc": 0.831589938931401,
        "auroc": 0.9287324551266528,
        "train_time": 2.47900652885437,
        "inference_time": 0.04356503486633301
    },
    "config": {
        "colsample_bytree": 0.7058916838426581,
        "gamma": 0.0009768806673497782,
        "learning_rate": 0.003805346501498945,
        "max_depth": 8,
        "min_child_weight": 2,
        "n_estimators": 1485,
        "subsample": 0.7700843690768302
    }
}