{
    "dataset": "adult",
    "model": "xgboost",
    "seed": 51,
    "metrics": {
        "acc": 0.8753326509723643,
        "auprc": 0.8244351724030866,
        "auroc": 0.924438145084581,
        "train_time": 2.4918601512908936,
        "inference_time": 0.05146455764770508
    },
    "config": {
        "colsample_bytree": 0.7058916838426581,
        "gamma": 0.0009768806673497782,
        "learning_rate": 0.003805346501498945,
        "max_depth": 8,
        "min_child_weight": 2,
        "n_estimators": 1485,
        "subsample": 0.7700843690768302
    }
}