{
    "dataset": "adult",
    "model": "xgboost",
    "seed": 45,
    "metrics": {
        "acc": 0.8751279426816786,
        "auprc": 0.8326899167839534,
        "auroc": 0.9315289534724185,
        "train_time": 2.460327625274658,
        "inference_time": 0.04666495323181152
    },
    "config": {
        "colsample_bytree": 0.7058916838426581,
        "gamma": 0.0009768806673497782,
        "learning_rate": 0.003805346501498945,
        "max_depth": 8,
        "min_child_weight": 2,
        "n_estimators": 1485,
        "subsample": 0.7700843690768302
    }
}