{
    "dataset": "adult",
    "model": "catboost",
    "seed": 48,
    "metrics": {
        "acc": 0.8798362333674514,
        "auprc": 0.8382000987755095,
        "auroc": 0.9340053554278496,
        "train_time": 10.265191078186035,
        "inference_time": 0.014321565628051758
    },
    "config": {
        "colsample_bytree": 0.5892358393266599,
        "learning_rate": 0.026649359980053036,
        "max_depth": 10,
        "min_data_in_leaf": 24,
        "n_estimators": 1368,
        "subsample": 0.9170039276791857
    }
}