{
    "dataset": "adult",
    "model": "xgboost",
    "seed": 44,
    "metrics": {
        "acc": 0.8655066530194473,
        "auprc": 0.8136713602289162,
        "auroc": 0.9214020060755009,
        "train_time": 2.5261082649230957,
        "inference_time": 0.04911518096923828
    },
    "config": {
        "colsample_bytree": 0.7058916838426581,
        "gamma": 0.0009768806673497782,
        "learning_rate": 0.003805346501498945,
        "max_depth": 8,
        "min_child_weight": 2,
        "n_estimators": 1485,
        "subsample": 0.7700843690768302
    }
}