{
    "dataset": "adult",
    "model": "xgboost",
    "seed": 57,
    "metrics": {
        "acc": 0.8820880245649949,
        "auprc": 0.8369688615262179,
        "auroc": 0.9302117355324718,
        "train_time": 2.56545090675354,
        "inference_time": 0.04581952095031738
    },
    "config": {
        "colsample_bytree": 0.7058916838426581,
        "gamma": 0.0009768806673497782,
        "learning_rate": 0.003805346501498945,
        "max_depth": 8,
        "min_child_weight": 2,
        "n_estimators": 1485,
        "subsample": 0.7700843690768302
    }
}