{
    "dataset": "adult",
    "model": "xgboost",
    "seed": 43,
    "metrics": {
        "acc": 0.8775844421699078,
        "auprc": 0.8329717949590467,
        "auroc": 0.930671219455599,
        "train_time": 2.8825759887695312,
        "inference_time": 0.048784732818603516
    },
    "config": {
        "colsample_bytree": 0.7058916838426581,
        "gamma": 0.0009768806673497782,
        "learning_rate": 0.003805346501498945,
        "max_depth": 8,
        "min_child_weight": 2,
        "n_estimators": 1485,
        "subsample": 0.7700843690768302
    }
}