{
    "dataset": "adult",
    "model": "xgboost",
    "seed": 49,
    "metrics": {
        "acc": 0.8642784032753327,
        "auprc": 0.8156414662933028,
        "auroc": 0.9239762440366077,
        "train_time": 2.449883460998535,
        "inference_time": 0.04299354553222656
    },
    "config": {
        "colsample_bytree": 0.7058916838426581,
        "gamma": 0.0009768806673497782,
        "learning_rate": 0.003805346501498945,
        "max_depth": 8,
        "min_child_weight": 2,
        "n_estimators": 1485,
        "subsample": 0.7700843690768302
    }
}