{
    "dataset": "adult",
    "model": "xgboost",
    "seed": 56,
    "metrics": {
        "acc": 0.8718526100307062,
        "auprc": 0.8277144964252897,
        "auroc": 0.925938373905733,
        "train_time": 2.380910873413086,
        "inference_time": 0.05405545234680176
    },
    "config": {
        "colsample_bytree": 0.7058916838426581,
        "gamma": 0.0009768806673497782,
        "learning_rate": 0.003805346501498945,
        "max_depth": 8,
        "min_child_weight": 2,
        "n_estimators": 1485,
        "subsample": 0.7700843690768302
    }
}