{
    "dataset": "adult",
    "model": "catboost",
    "seed": 53,
    "metrics": {
        "acc": 0.8732855680655066,
        "auprc": 0.8272334401565036,
        "auroc": 0.927791502954417,
        "train_time": 10.555304765701294,
        "inference_time": 0.01253652572631836
    },
    "config": {
        "colsample_bytree": 0.5892358393266599,
        "learning_rate": 0.026649359980053036,
        "max_depth": 10,
        "min_data_in_leaf": 24,
        "n_estimators": 1368,
        "subsample": 0.9170039276791857
    }
}