{
    "dataset": "adult",
    "model": "xgboost",
    "seed": 47,
    "metrics": {
        "acc": 0.8659160696008188,
        "auprc": 0.811370394474854,
        "auroc": 0.9222478846704563,
        "train_time": 2.4102888107299805,
        "inference_time": 0.04395437240600586
    },
    "config": {
        "colsample_bytree": 0.7058916838426581,
        "gamma": 0.0009768806673497782,
        "learning_rate": 0.003805346501498945,
        "max_depth": 8,
        "min_child_weight": 2,
        "n_estimators": 1485,
        "subsample": 0.7700843690768302
    }
}