{
    "dataset": "allstate",
    "model": "xgboost",
    "seed": 54,
    "metrics": {
        "rmse": 1837.7211791407776,
        "train_time": 6.8630218505859375,
        "inference_time": 0.05541372299194336
    },
    "config": {
        "colsample_bytree": 0.5574611686288968,
        "gamma": 0.8696271277113216,
        "learning_rate": 0.021392541846270492,
        "max_depth": 10,
        "min_child_weight": 10,
        "n_estimators": 1158,
        "subsample": 0.7964667882592089
    }
}