{
    "dataset": "allstate",
    "model": "catboost",
    "seed": 55,
    "metrics": {
        "rmse": 1849.049226840666,
        "train_time": 5.497143507003784,
        "inference_time": 0.0114593505859375
    },
    "config": {
        "colsample_bytree": 0.5858811820216719,
        "learning_rate": 0.15633779348835156,
        "max_depth": 7,
        "min_data_in_leaf": 18,
        "n_estimators": 940,
        "subsample": 0.6771425982440806
    }
}