{
    "dataset": "allstate",
    "model": "catboost",
    "seed": 57,
    "metrics": {
        "rmse": 1909.3466388683278,
        "train_time": 4.71539568901062,
        "inference_time": 0.013825654983520508
    },
    "config": {
        "colsample_bytree": 0.5858811820216719,
        "learning_rate": 0.15633779348835156,
        "max_depth": 7,
        "min_data_in_leaf": 18,
        "n_estimators": 940,
        "subsample": 0.6771425982440806
    }
}