{
    "dataset": "allstate",
    "model": "catboost",
    "seed": 47,
    "metrics": {
        "rmse": 1923.372264474634,
        "train_time": 5.959676027297974,
        "inference_time": 0.011436223983764648
    },
    "config": {
        "colsample_bytree": 0.5858811820216719,
        "learning_rate": 0.15633779348835156,
        "max_depth": 7,
        "min_data_in_leaf": 18,
        "n_estimators": 940,
        "subsample": 0.6771425982440806
    }
}