{
    "dataset": "allstate",
    "model": "xgboost",
    "seed": 55,
    "metrics": {
        "rmse": 1824.3871439589034,
        "train_time": 6.609923601150513,
        "inference_time": 0.05151939392089844
    },
    "config": {
        "colsample_bytree": 0.5574611686288968,
        "gamma": 0.8696271277113216,
        "learning_rate": 0.021392541846270492,
        "max_depth": 10,
        "min_child_weight": 10,
        "n_estimators": 1158,
        "subsample": 0.7964667882592089
    }
}