{
    "dataset": "allstate",
    "model": "catboost",
    "seed": 54,
    "metrics": {
        "rmse": 1833.0280782306834,
        "train_time": 5.321866512298584,
        "inference_time": 0.010314702987670898
    },
    "config": {
        "colsample_bytree": 0.5858811820216719,
        "learning_rate": 0.15633779348835156,
        "max_depth": 7,
        "min_data_in_leaf": 18,
        "n_estimators": 940,
        "subsample": 0.6771425982440806
    }
}