{
    "dataset": "allstate",
    "model": "catboost",
    "seed": 45,
    "metrics": {
        "rmse": 1899.4326942202074,
        "train_time": 4.223009824752808,
        "inference_time": 0.010949134826660156
    },
    "config": {
        "colsample_bytree": 0.5858811820216719,
        "learning_rate": 0.15633779348835156,
        "max_depth": 7,
        "min_data_in_leaf": 18,
        "n_estimators": 940,
        "subsample": 0.6771425982440806
    }
}