{
    "dataset": "allstate",
    "model": "catboost",
    "seed": 51,
    "metrics": {
        "rmse": 1870.162084853459,
        "train_time": 4.517595529556274,
        "inference_time": 0.014171838760375977
    },
    "config": {
        "colsample_bytree": 0.5858811820216719,
        "learning_rate": 0.15633779348835156,
        "max_depth": 7,
        "min_data_in_leaf": 18,
        "n_estimators": 940,
        "subsample": 0.6771425982440806
    }
}