{
    "dataset": "allstate",
    "model": "xgboost",
    "seed": 56,
    "metrics": {
        "rmse": 1986.383741403069,
        "train_time": 8.299662590026855,
        "inference_time": 0.05926513671875
    },
    "config": {
        "colsample_bytree": 0.5574611686288968,
        "gamma": 0.8696271277113216,
        "learning_rate": 0.021392541846270492,
        "max_depth": 10,
        "min_child_weight": 10,
        "n_estimators": 1158,
        "subsample": 0.7964667882592089
    }
}