{
    "dataset": "allstate",
    "model": "xgboost",
    "seed": 48,
    "metrics": {
        "rmse": 1840.8048018036716,
        "train_time": 7.886237144470215,
        "inference_time": 0.06187033653259277
    },
    "config": {
        "colsample_bytree": 0.5574611686288968,
        "gamma": 0.8696271277113216,
        "learning_rate": 0.021392541846270492,
        "max_depth": 10,
        "min_child_weight": 10,
        "n_estimators": 1158,
        "subsample": 0.7964667882592089
    }
}