{
    "dataset": "allstate",
    "model": "catboost",
    "seed": 52,
    "metrics": {
        "rmse": 1886.1025570860004,
        "train_time": 3.921740770339966,
        "inference_time": 0.012997865676879883
    },
    "config": {
        "colsample_bytree": 0.5858811820216719,
        "learning_rate": 0.15633779348835156,
        "max_depth": 7,
        "min_data_in_leaf": 18,
        "n_estimators": 940,
        "subsample": 0.6771425982440806
    }
}