{
    "dataset": "allstate",
    "model": "catboost",
    "seed": 53,
    "metrics": {
        "rmse": 1852.3854839030137,
        "train_time": 4.469806671142578,
        "inference_time": 0.010318517684936523
    },
    "config": {
        "colsample_bytree": 0.5858811820216719,
        "learning_rate": 0.15633779348835156,
        "max_depth": 7,
        "min_data_in_leaf": 18,
        "n_estimators": 940,
        "subsample": 0.6771425982440806
    }
}