{
    "dataset": "allstate",
    "model": "xgboost",
    "seed": 53,
    "metrics": {
        "rmse": 1868.1039524779167,
        "train_time": 8.740104913711548,
        "inference_time": 0.06551265716552734
    },
    "config": {
        "colsample_bytree": 0.5574611686288968,
        "gamma": 0.8696271277113216,
        "learning_rate": 0.021392541846270492,
        "max_depth": 10,
        "min_child_weight": 10,
        "n_estimators": 1158,
        "subsample": 0.7964667882592089
    }
}