{
    "dataset": "allstate",
    "model": "catboost",
    "seed": 43,
    "metrics": {
        "rmse": 1819.8087995406015,
        "train_time": 5.669601202011108,
        "inference_time": 0.013469934463500977
    },
    "config": {
        "colsample_bytree": 0.5858811820216719,
        "learning_rate": 0.15633779348835156,
        "max_depth": 7,
        "min_data_in_leaf": 18,
        "n_estimators": 940,
        "subsample": 0.6771425982440806
    }
}