{
    "dataset": "allstate",
    "model": "xgboost",
    "seed": 45,
    "metrics": {
        "rmse": 1920.4441310640414,
        "train_time": 7.831149101257324,
        "inference_time": 0.05953788757324219
    },
    "config": {
        "colsample_bytree": 0.5574611686288968,
        "gamma": 0.8696271277113216,
        "learning_rate": 0.021392541846270492,
        "max_depth": 10,
        "min_child_weight": 10,
        "n_estimators": 1158,
        "subsample": 0.7964667882592089
    }
}