{
    "dataset": "allstate",
    "model": "catboost",
    "seed": 46,
    "metrics": {
        "rmse": 1912.6933703237905,
        "train_time": 5.454712867736816,
        "inference_time": 0.022314786911010742
    },
    "config": {
        "colsample_bytree": 0.5858811820216719,
        "learning_rate": 0.15633779348835156,
        "max_depth": 7,
        "min_data_in_leaf": 18,
        "n_estimators": 940,
        "subsample": 0.6771425982440806
    }
}