{
    "dataset": "allstate",
    "model": "xgboost",
    "seed": 47,
    "metrics": {
        "rmse": 1904.3960855581688,
        "train_time": 6.021678686141968,
        "inference_time": 0.04915785789489746
    },
    "config": {
        "colsample_bytree": 0.5574611686288968,
        "gamma": 0.8696271277113216,
        "learning_rate": 0.021392541846270492,
        "max_depth": 10,
        "min_child_weight": 10,
        "n_estimators": 1158,
        "subsample": 0.7964667882592089
    }
}