{
    "dataset": "allstate",
    "model": "xgboost",
    "seed": 44,
    "metrics": {
        "rmse": 1897.2333154737003,
        "train_time": 9.504719018936157,
        "inference_time": 0.09117436408996582
    },
    "config": {
        "colsample_bytree": 0.5574611686288968,
        "gamma": 0.8696271277113216,
        "learning_rate": 0.021392541846270492,
        "max_depth": 10,
        "min_child_weight": 10,
        "n_estimators": 1158,
        "subsample": 0.7964667882592089
    }
}