{
    "dataset": "allstate",
    "model": "catboost",
    "seed": 56,
    "metrics": {
        "rmse": 1999.3586208299018,
        "train_time": 3.5368826389312744,
        "inference_time": 0.011010408401489258
    },
    "config": {
        "colsample_bytree": 0.5858811820216719,
        "learning_rate": 0.15633779348835156,
        "max_depth": 7,
        "min_data_in_leaf": 18,
        "n_estimators": 940,
        "subsample": 0.6771425982440806
    }
}