{
    "dataset": "bnp",
    "model": "catboost",
    "seed": 53,
    "metrics": {
        "acc": 0.784570978745736,
        "auprc": 0.9026547672611666,
        "auroc": 0.7546076276169348,
        "train_time": 36.61744260787964,
        "inference_time": 0.019327163696289062
    },
    "config": {
        "colsample_bylevel": 0.5817600755463344,
        "learning_rate": 0.0965334782142455,
        "max_depth": 9,
        "min_data_in_leaf": 23,
        "n_estimators": 1686,
        "subsample": 0.5862907064397933
    }
}