{
    "dataset": "bnp",
    "model": "xgboost",
    "seed": 57,
    "metrics": {
        "acc": 0.7875448263797779,
        "auprc": 0.9078120550940582,
        "auroc": 0.7645137523627701,
        "train_time": 15.946873188018799,
        "inference_time": 0.05107235908508301
    },
    "config": {
        "colsample_bytree": 0.5000565764210153,
        "gamma": 1.6018246959969425e-06,
        "learning_rate": 0.01655632281377666,
        "max_depth": 10,
        "min_child_weight": 1,
        "n_estimators": 1342,
        "subsample": 0.9488681687014834
    }
}