{
    "dataset": "bnp",
    "model": "catboost",
    "seed": 56,
    "metrics": {
        "acc": 0.7801102072946733,
        "auprc": 0.9017374064889601,
        "auroc": 0.7504832866777024,
        "train_time": 24.726893424987793,
        "inference_time": 0.013311624526977539
    },
    "config": {
        "colsample_bylevel": 0.5817600755463344,
        "learning_rate": 0.0965334782142455,
        "max_depth": 9,
        "min_data_in_leaf": 23,
        "n_estimators": 1686,
        "subsample": 0.5862907064397933
    }
}