{
    "dataset": "bnp",
    "model": "catboost",
    "seed": 52,
    "metrics": {
        "acc": 0.7811598005772763,
        "auprc": 0.9027693721476725,
        "auroc": 0.7546866707156263,
        "train_time": 29.643879413604736,
        "inference_time": 0.01539301872253418
    },
    "config": {
        "colsample_bylevel": 0.5817600755463344,
        "learning_rate": 0.0965334782142455,
        "max_depth": 9,
        "min_data_in_leaf": 23,
        "n_estimators": 1686,
        "subsample": 0.5862907064397933
    }
}