{
    "dataset": "bnp",
    "model": "catboost",
    "seed": 44,
    "metrics": {
        "acc": 0.7832589871424823,
        "auprc": 0.9040486741484273,
        "auroc": 0.7577336601121504,
        "train_time": 33.75178122520447,
        "inference_time": 0.0181427001953125
    },
    "config": {
        "colsample_bylevel": 0.5817600755463344,
        "learning_rate": 0.0965334782142455,
        "max_depth": 9,
        "min_data_in_leaf": 23,
        "n_estimators": 1686,
        "subsample": 0.5862907064397933
    }
}