{
    "dataset": "bnp",
    "model": "catboost",
    "seed": 51,
    "metrics": {
        "acc": 0.7831715210355987,
        "auprc": 0.9047636793801105,
        "auroc": 0.756155155121029,
        "train_time": 25.437290906906128,
        "inference_time": 0.023857831954956055
    },
    "config": {
        "colsample_bylevel": 0.5817600755463344,
        "learning_rate": 0.0965334782142455,
        "max_depth": 9,
        "min_data_in_leaf": 23,
        "n_estimators": 1686,
        "subsample": 0.5862907064397933
    }
}