{
    "dataset": "bnp",
    "model": "xgboost",
    "seed": 43,
    "metrics": {
        "acc": 0.7852707076008046,
        "auprc": 0.9067109095906085,
        "auroc": 0.764468843424376,
        "train_time": 17.37451934814453,
        "inference_time": 0.042374372482299805
    },
    "config": {
        "colsample_bytree": 0.5000565764210153,
        "gamma": 1.6018246959969425e-06,
        "learning_rate": 0.01655632281377666,
        "max_depth": 10,
        "min_child_weight": 1,
        "n_estimators": 1342,
        "subsample": 0.9488681687014834
    }
}