{
    "dataset": "bnp",
    "model": "xgboost",
    "seed": 45,
    "metrics": {
        "acc": 0.7853581737076882,
        "auprc": 0.909675281597492,
        "auroc": 0.7667761400956851,
        "train_time": 19.149778127670288,
        "inference_time": 0.06430602073669434
    },
    "config": {
        "colsample_bytree": 0.5000565764210153,
        "gamma": 1.6018246959969425e-06,
        "learning_rate": 0.01655632281377666,
        "max_depth": 10,
        "min_child_weight": 1,
        "n_estimators": 1342,
        "subsample": 0.9488681687014834
    }
}