{
    "dataset": "bnp",
    "model": "catboost",
    "seed": 46,
    "metrics": {
        "acc": 0.7807224700428584,
        "auprc": 0.9038351898002814,
        "auroc": 0.7536849109755005,
        "train_time": 33.9643075466156,
        "inference_time": 0.016654491424560547
    },
    "config": {
        "colsample_bylevel": 0.5817600755463344,
        "learning_rate": 0.0965334782142455,
        "max_depth": 9,
        "min_data_in_leaf": 23,
        "n_estimators": 1686,
        "subsample": 0.5862907064397933
    }
}