{
    "dataset": "bnp",
    "model": "xgboost",
    "seed": 49,
    "metrics": {
        "acc": 0.7859704364558734,
        "auprc": 0.909796302343842,
        "auroc": 0.7698050101876369,
        "train_time": 15.300289154052734,
        "inference_time": 0.05720710754394531
    },
    "config": {
        "colsample_bytree": 0.5000565764210153,
        "gamma": 1.6018246959969425e-06,
        "learning_rate": 0.01655632281377666,
        "max_depth": 10,
        "min_child_weight": 1,
        "n_estimators": 1342,
        "subsample": 0.9488681687014834
    }
}