{
    "dataset": "bnp",
    "model": "xgboost",
    "seed": 53,
    "metrics": {
        "acc": 0.7881570891279629,
        "auprc": 0.9082568604202788,
        "auroc": 0.7647703478106788,
        "train_time": 14.569186687469482,
        "inference_time": 0.059052467346191406
    },
    "config": {
        "colsample_bytree": 0.5000565764210153,
        "gamma": 1.6018246959969425e-06,
        "learning_rate": 0.01655632281377666,
        "max_depth": 10,
        "min_child_weight": 1,
        "n_estimators": 1342,
        "subsample": 0.9488681687014834
    }
}