{
    "dataset": "california",
    "model": "catboost",
    "seed": 51,
    "metrics": {
        "rmse": 0.432943084278523,
        "train_time": 2.985084056854248,
        "inference_time": 0.0036199092864990234
    },
    "config": {
        "colsample_bytree": 0.9858939705856237,
        "learning_rate": 0.08396384144978315,
        "max_depth": 7,
        "min_data_in_leaf": 19,
        "n_estimators": 1884,
        "subsample": 0.7929682513350382
    }
}