{
    "dataset": "california",
    "model": "catboost",
    "seed": 55,
    "metrics": {
        "rmse": 0.4553873343652958,
        "train_time": 2.1415674686431885,
        "inference_time": 0.0034961700439453125
    },
    "config": {
        "colsample_bytree": 0.9858939705856237,
        "learning_rate": 0.08396384144978315,
        "max_depth": 7,
        "min_data_in_leaf": 19,
        "n_estimators": 1884,
        "subsample": 0.7929682513350382
    }
}