{
    "dataset": "california",
    "model": "catboost",
    "seed": 49,
    "metrics": {
        "rmse": 0.4302060630064799,
        "train_time": 3.367946147918701,
        "inference_time": 0.004122018814086914
    },
    "config": {
        "colsample_bytree": 0.9858939705856237,
        "learning_rate": 0.08396384144978315,
        "max_depth": 7,
        "min_data_in_leaf": 19,
        "n_estimators": 1884,
        "subsample": 0.7929682513350382
    }
}