{
    "dataset": "california",
    "model": "xgboost",
    "seed": 46,
    "metrics": {
        "rmse": 0.444167144174955,
        "train_time": 2.464320421218872,
        "inference_time": 0.01081085205078125
    },
    "config": {
        "colsample_bytree": 0.7152381983859724,
        "gamma": 1.061203415659442e-05,
        "learning_rate": 0.01850379313589321,
        "max_depth": 9,
        "min_child_weight": 7,
        "n_estimators": 1317,
        "subsample": 0.8015790268236545
    }
}