{
    "dataset": "california",
    "model": "catboost",
    "seed": 50,
    "metrics": {
        "rmse": 0.43383497917396363,
        "train_time": 4.30148458480835,
        "inference_time": 0.004098415374755859
    },
    "config": {
        "colsample_bytree": 0.9858939705856237,
        "learning_rate": 0.08396384144978315,
        "max_depth": 7,
        "min_data_in_leaf": 19,
        "n_estimators": 1884,
        "subsample": 0.7929682513350382
    }
}