{
    "dataset": "california",
    "model": "xgboost",
    "seed": 54,
    "metrics": {
        "rmse": 0.441713820351374,
        "train_time": 2.2988791465759277,
        "inference_time": 0.012927532196044922
    },
    "config": {
        "colsample_bytree": 0.7152381983859724,
        "gamma": 1.061203415659442e-05,
        "learning_rate": 0.01850379313589321,
        "max_depth": 9,
        "min_child_weight": 7,
        "n_estimators": 1317,
        "subsample": 0.8015790268236545
    }
}