{
    "dataset": "california",
    "model": "xgboost",
    "seed": 56,
    "metrics": {
        "rmse": 0.43684906839248094,
        "train_time": 1.8819224834442139,
        "inference_time": 0.008172750473022461
    },
    "config": {
        "colsample_bytree": 0.7152381983859724,
        "gamma": 1.061203415659442e-05,
        "learning_rate": 0.01850379313589321,
        "max_depth": 9,
        "min_child_weight": 7,
        "n_estimators": 1317,
        "subsample": 0.8015790268236545
    }
}