{
    "dataset": "california",
    "model": "catboost",
    "seed": 46,
    "metrics": {
        "rmse": 0.4431812945928474,
        "train_time": 2.4864330291748047,
        "inference_time": 0.0035486221313476562
    },
    "config": {
        "colsample_bytree": 0.9858939705856237,
        "learning_rate": 0.08396384144978315,
        "max_depth": 7,
        "min_data_in_leaf": 19,
        "n_estimators": 1884,
        "subsample": 0.7929682513350382
    }
}