{
    "dataset": "california",
    "model": "catboost",
    "seed": 57,
    "metrics": {
        "rmse": 0.47188102336957255,
        "train_time": 1.8067576885223389,
        "inference_time": 0.003637552261352539
    },
    "config": {
        "colsample_bytree": 0.9858939705856237,
        "learning_rate": 0.08396384144978315,
        "max_depth": 7,
        "min_data_in_leaf": 19,
        "n_estimators": 1884,
        "subsample": 0.7929682513350382
    }
}