{
    "dataset": "california",
    "model": "xgboost",
    "seed": 50,
    "metrics": {
        "rmse": 0.4321523099142322,
        "train_time": 2.1805078983306885,
        "inference_time": 0.010684728622436523
    },
    "config": {
        "colsample_bytree": 0.7152381983859724,
        "gamma": 1.061203415659442e-05,
        "learning_rate": 0.01850379313589321,
        "max_depth": 9,
        "min_child_weight": 7,
        "n_estimators": 1317,
        "subsample": 0.8015790268236545
    }
}