{
    "dataset": "california",
    "model": "xgboost",
    "seed": 47,
    "metrics": {
        "rmse": 0.42616626638817384,
        "train_time": 2.2839198112487793,
        "inference_time": 0.013344764709472656
    },
    "config": {
        "colsample_bytree": 0.7152381983859724,
        "gamma": 1.061203415659442e-05,
        "learning_rate": 0.01850379313589321,
        "max_depth": 9,
        "min_child_weight": 7,
        "n_estimators": 1317,
        "subsample": 0.8015790268236545
    }
}