{
    "dataset": "california",
    "model": "catboost",
    "seed": 48,
    "metrics": {
        "rmse": 0.44701244119812994,
        "train_time": 3.1385140419006348,
        "inference_time": 0.003538846969604492
    },
    "config": {
        "colsample_bytree": 0.9858939705856237,
        "learning_rate": 0.08396384144978315,
        "max_depth": 7,
        "min_data_in_leaf": 19,
        "n_estimators": 1884,
        "subsample": 0.7929682513350382
    }
}