{
    "dataset": "covertype",
    "model": "catboost",
    "seed": 54,
    "metrics": {
        "acc": 0.9648376992186155,
        "auprc": 0.0,
        "auroc": 0.0,
        "train_time": 418.9777138233185,
        "inference_time": 0.15991497039794922
    },
    "config": {
        "colsample_bytree": 0.7788263794392843,
        "learning_rate": 0.28497060848590644,
        "max_depth": 9,
        "min_data_in_leaf": 9,
        "n_estimators": 1812,
        "subsample": 0.7366370701490699
    }
}