{
    "dataset": "covertype",
    "model": "catboost",
    "seed": 49,
    "metrics": {
        "acc": 0.9636845547485456,
        "auprc": 0.0,
        "auroc": 0.0,
        "train_time": 402.52469396591187,
        "inference_time": 0.1570737361907959
    },
    "config": {
        "colsample_bytree": 0.7788263794392843,
        "learning_rate": 0.28497060848590644,
        "max_depth": 9,
        "min_data_in_leaf": 9,
        "n_estimators": 1812,
        "subsample": 0.7366370701490699
    }
}