{
    "dataset": "covertype",
    "model": "catboost",
    "seed": 57,
    "metrics": {
        "acc": 0.9641320436473787,
        "auprc": 0.0,
        "auroc": 0.0,
        "train_time": 414.00538659095764,
        "inference_time": 0.15691661834716797
    },
    "config": {
        "colsample_bytree": 0.7788263794392843,
        "learning_rate": 0.28497060848590644,
        "max_depth": 9,
        "min_data_in_leaf": 9,
        "n_estimators": 1812,
        "subsample": 0.7366370701490699
    }
}