{
    "dataset": "covertype",
    "model": "catboost",
    "seed": 48,
    "metrics": {
        "acc": 0.9622388213830849,
        "auprc": 0.0,
        "auroc": 0.0,
        "train_time": 400.6258261203766,
        "inference_time": 0.15503144264221191
    },
    "config": {
        "colsample_bytree": 0.7788263794392843,
        "learning_rate": 0.28497060848590644,
        "max_depth": 9,
        "min_data_in_leaf": 9,
        "n_estimators": 1812,
        "subsample": 0.7366370701490699
    }
}