{
    "dataset": "covertype",
    "model": "xgboost",
    "seed": 57,
    "metrics": {
        "acc": 0.9697428659942859,
        "auprc": 0.0,
        "auroc": 0.0,
        "train_time": 75.077321767807,
        "inference_time": 1.1874828338623047
    },
    "config": {
        "colsample_bytree": 0.9905515656573027,
        "gamma": 2.0942143775154036e-07,
        "learning_rate": 0.1821499376547901,
        "max_depth": 8,
        "min_child_weight": 3,
        "n_estimators": 1306,
        "subsample": 0.6819206608948218
    }
}