{
    "dataset": "creditcard",
    "model": "xgboost",
    "seed": 48,
    "metrics": {
        "acc": 0.9996839998595555,
        "auprc": 0.8918260632347508,
        "auroc": 0.9694509204920009,
        "train_time": 2.9328765869140625,
        "inference_time": 0.02946949005126953
    },
    "config": {
        "colsample_bytree": 0.8416065482694302,
        "gamma": 1.9426991733641748e-08,
        "learning_rate": 0.0386525959979454,
        "max_depth": 9,
        "min_child_weight": 5,
        "n_estimators": 1162,
        "subsample": 0.6571695470522904
    }
}