{
    "dataset": "creditcard",
    "model": "catboost",
    "seed": 45,
    "metrics": {
        "acc": 0.9996137776061234,
        "auprc": 0.8537841305230889,
        "auroc": 0.983180779346066,
        "train_time": 10.95014762878418,
        "inference_time": 0.019300460815429688
    },
    "config": {
        "colsample_bylevel": 0.5065511509974314,
        "learning_rate": 0.10199809320295407,
        "max_depth": 10,
        "min_data_in_leaf": 18,
        "n_estimators": 781,
        "subsample": 0.5924715107066294
    }
}