{
    "dataset": "creditcard",
    "model": "xgboost",
    "seed": 51,
    "metrics": {
        "acc": 0.9995786664794073,
        "auprc": 0.8750153652922853,
        "auroc": 0.9752420382897109,
        "train_time": 4.631335735321045,
        "inference_time": 0.0397794246673584
    },
    "config": {
        "colsample_bytree": 0.8416065482694302,
        "gamma": 1.9426991733641748e-08,
        "learning_rate": 0.0386525959979454,
        "max_depth": 9,
        "min_child_weight": 5,
        "n_estimators": 1162,
        "subsample": 0.6571695470522904
    }
}