{
    "dataset": "creditcard",
    "model": "catboost",
    "seed": 47,
    "metrics": {
        "acc": 0.9996488887328394,
        "auprc": 0.88930531836354,
        "auroc": 0.9810862724380692,
        "train_time": 10.313238382339478,
        "inference_time": 0.018604040145874023
    },
    "config": {
        "colsample_bylevel": 0.5065511509974314,
        "learning_rate": 0.10199809320295407,
        "max_depth": 10,
        "min_data_in_leaf": 18,
        "n_estimators": 781,
        "subsample": 0.5924715107066294
    }
}