{
    "dataset": "creditcard",
    "model": "catboost",
    "seed": 48,
    "metrics": {
        "acc": 0.9997191109862715,
        "auprc": 0.8834636449105112,
        "auroc": 0.9739213074087261,
        "train_time": 9.51276183128357,
        "inference_time": 0.02238154411315918
    },
    "config": {
        "colsample_bylevel": 0.5065511509974314,
        "learning_rate": 0.10199809320295407,
        "max_depth": 10,
        "min_data_in_leaf": 18,
        "n_estimators": 781,
        "subsample": 0.5924715107066294
    }
}