{
    "dataset": "creditcard",
    "model": "xgboost",
    "seed": 55,
    "metrics": {
        "acc": 0.9994382219725431,
        "auprc": 0.8121835506460283,
        "auroc": 0.9687747637040185,
        "train_time": 2.3188016414642334,
        "inference_time": 0.01566338539123535
    },
    "config": {
        "colsample_bytree": 0.8416065482694302,
        "gamma": 1.9426991733641748e-08,
        "learning_rate": 0.0386525959979454,
        "max_depth": 9,
        "min_child_weight": 5,
        "n_estimators": 1162,
        "subsample": 0.6571695470522904
    }
}