{
    "dataset": "creditcard",
    "model": "xgboost",
    "seed": 52,
    "metrics": {
        "acc": 0.9995786664794073,
        "auprc": 0.8226770511007074,
        "auroc": 0.9876131234711104,
        "train_time": 3.4572765827178955,
        "inference_time": 0.036106109619140625
    },
    "config": {
        "colsample_bytree": 0.8416065482694302,
        "gamma": 1.9426991733641748e-08,
        "learning_rate": 0.0386525959979454,
        "max_depth": 9,
        "min_child_weight": 5,
        "n_estimators": 1162,
        "subsample": 0.6571695470522904
    }
}