{
    "dataset": "creditcard",
    "model": "catboost",
    "seed": 51,
    "metrics": {
        "acc": 0.9995786664794073,
        "auprc": 0.8699084961815862,
        "auroc": 0.9707206883879044,
        "train_time": 11.472944736480713,
        "inference_time": 0.021024465560913086
    },
    "config": {
        "colsample_bylevel": 0.5065511509974314,
        "learning_rate": 0.10199809320295407,
        "max_depth": 10,
        "min_data_in_leaf": 18,
        "n_estimators": 781,
        "subsample": 0.5924715107066294
    }
}