{
    "dataset": "creditcard",
    "model": "xgboost",
    "seed": 50,
    "metrics": {
        "acc": 0.9996488887328394,
        "auprc": 0.8474261253695619,
        "auroc": 0.9829159153813467,
        "train_time": 1.6288270950317383,
        "inference_time": 0.012862682342529297
    },
    "config": {
        "colsample_bytree": 0.8416065482694302,
        "gamma": 1.9426991733641748e-08,
        "learning_rate": 0.0386525959979454,
        "max_depth": 9,
        "min_child_weight": 5,
        "n_estimators": 1162,
        "subsample": 0.6571695470522904
    }
}