{
    "dataset": "creditcard",
    "model": "xgboost",
    "seed": 53,
    "metrics": {
        "acc": 0.9996488887328394,
        "auprc": 0.8620769898163423,
        "auroc": 0.9811106772478265,
        "train_time": 2.6030757427215576,
        "inference_time": 0.022055387496948242
    },
    "config": {
        "colsample_bytree": 0.8416065482694302,
        "gamma": 1.9426991733641748e-08,
        "learning_rate": 0.0386525959979454,
        "max_depth": 9,
        "min_child_weight": 5,
        "n_estimators": 1162,
        "subsample": 0.6571695470522904
    }
}