{
    "dataset": "creditcard",
    "model": "xgboost",
    "seed": 57,
    "metrics": {
        "acc": 0.9995435553526912,
        "auprc": 0.8904031901823445,
        "auroc": 0.9970183064784721,
        "train_time": 3.423609495162964,
        "inference_time": 0.042424917221069336
    },
    "config": {
        "colsample_bytree": 0.8416065482694302,
        "gamma": 1.9426991733641748e-08,
        "learning_rate": 0.0386525959979454,
        "max_depth": 9,
        "min_child_weight": 5,
        "n_estimators": 1162,
        "subsample": 0.6571695470522904
    }
}