{
    "dataset": "creditcard",
    "model": "catboost",
    "seed": 43,
    "metrics": {
        "acc": 0.9996488887328394,
        "auprc": 0.9097074561269725,
        "auroc": 0.993028837871671,
        "train_time": 11.47640085220337,
        "inference_time": 0.029616355895996094
    },
    "config": {
        "colsample_bylevel": 0.5065511509974314,
        "learning_rate": 0.10199809320295407,
        "max_depth": 10,
        "min_data_in_leaf": 18,
        "n_estimators": 781,
        "subsample": 0.5924715107066294
    }
}