{
    "dataset": "creditcard",
    "model": "xgboost",
    "seed": 43,
    "metrics": {
        "acc": 0.9996137776061234,
        "auprc": 0.9012926929119036,
        "auroc": 0.9885146658550871,
        "train_time": 3.998548984527588,
        "inference_time": 0.03491020202636719
    },
    "config": {
        "colsample_bytree": 0.8416065482694302,
        "gamma": 1.9426991733641748e-08,
        "learning_rate": 0.0386525959979454,
        "max_depth": 9,
        "min_child_weight": 5,
        "n_estimators": 1162,
        "subsample": 0.6571695470522904
    }
}