{
    "dataset": "creditcard",
    "model": "catboost",
    "seed": 50,
    "metrics": {
        "acc": 0.9996137776061234,
        "auprc": 0.8415286702412133,
        "auroc": 0.9868946171603138,
        "train_time": 5.759948492050171,
        "inference_time": 0.026122570037841797
    },
    "config": {
        "colsample_bylevel": 0.5065511509974314,
        "learning_rate": 0.10199809320295407,
        "max_depth": 10,
        "min_data_in_leaf": 18,
        "n_estimators": 781,
        "subsample": 0.5924715107066294
    }
}