{
    "dataset": "higgs_small",
    "model": "catboost",
    "seed": 55,
    "metrics": {
        "acc": 0.7287098419173891,
        "auprc": 0.8229634109059503,
        "auroc": 0.8108643766217491,
        "train_time": 16.384912252426147,
        "inference_time": 0.020183801651000977
    },
    "config": {
        "colsample_bytree": 0.7856956115757012,
        "learning_rate": 0.042162118693618925,
        "max_depth": 9,
        "min_data_in_leaf": 12,
        "n_estimators": 1234,
        "subsample": 0.7664882484875325
    }
}