{
    "dataset": "higgs_small",
    "model": "xgboost",
    "seed": 55,
    "metrics": {
        "acc": 0.7295257521672616,
        "auprc": 0.8232972258146096,
        "auroc": 0.8096338696496208,
        "train_time": 3.37985897064209,
        "inference_time": 0.04833674430847168
    },
    "config": {
        "colsample_bytree": 0.9698426220175334,
        "gamma": 1.008554146139079e-08,
        "learning_rate": 0.01899844850590619,
        "max_depth": 7,
        "min_child_weight": 8,
        "n_estimators": 1315,
        "subsample": 0.6408258258618528
    }
}