{
    "dataset": "higgs_small",
    "model": "xgboost",
    "seed": 45,
    "metrics": {
        "acc": 0.7341152473227945,
        "auprc": 0.8328014262970456,
        "auroc": 0.8132054642966597,
        "train_time": 5.172109842300415,
        "inference_time": 0.07097768783569336
    },
    "config": {
        "colsample_bytree": 0.9698426220175334,
        "gamma": 1.008554146139079e-08,
        "learning_rate": 0.01899844850590619,
        "max_depth": 7,
        "min_child_weight": 8,
        "n_estimators": 1315,
        "subsample": 0.6408258258618528
    }
}