{
    "dataset": "higgs_small",
    "model": "catboost",
    "seed": 49,
    "metrics": {
        "acc": 0.7331973482916879,
        "auprc": 0.8277911923779351,
        "auroc": 0.8135102264590327,
        "train_time": 22.711934804916382,
        "inference_time": 0.024084806442260742
    },
    "config": {
        "colsample_bytree": 0.7856956115757012,
        "learning_rate": 0.042162118693618925,
        "max_depth": 9,
        "min_data_in_leaf": 12,
        "n_estimators": 1234,
        "subsample": 0.7664882484875325
    }
}