{
    "dataset": "higgs_small",
    "model": "xgboost",
    "seed": 52,
    "metrics": {
        "acc": 0.7344212136664967,
        "auprc": 0.8250068773191792,
        "auroc": 0.813963278935312,
        "train_time": 4.393360137939453,
        "inference_time": 0.057213783264160156
    },
    "config": {
        "colsample_bytree": 0.9698426220175334,
        "gamma": 1.008554146139079e-08,
        "learning_rate": 0.01899844850590619,
        "max_depth": 7,
        "min_child_weight": 8,
        "n_estimators": 1315,
        "subsample": 0.6408258258618528
    }
}