{
    "dataset": "higgs_small",
    "model": "catboost",
    "seed": 44,
    "metrics": {
        "acc": 0.730137684854666,
        "auprc": 0.828207306817631,
        "auroc": 0.8136653416754931,
        "train_time": 23.063567876815796,
        "inference_time": 0.02387547492980957
    },
    "config": {
        "colsample_bytree": 0.7856956115757012,
        "learning_rate": 0.042162118693618925,
        "max_depth": 9,
        "min_data_in_leaf": 12,
        "n_estimators": 1234,
        "subsample": 0.7664882484875325
    }
}