{
    "dataset": "higgs_small",
    "model": "catboost",
    "seed": 50,
    "metrics": {
        "acc": 0.7358490566037735,
        "auprc": 0.8277261092783789,
        "auroc": 0.8153417214098988,
        "train_time": 21.396421909332275,
        "inference_time": 0.0209043025970459
    },
    "config": {
        "colsample_bytree": 0.7856956115757012,
        "learning_rate": 0.042162118693618925,
        "max_depth": 9,
        "min_data_in_leaf": 12,
        "n_estimators": 1234,
        "subsample": 0.7664882484875325
    }
}