{
    "dataset": "higgs_small",
    "model": "xgboost",
    "seed": 43,
    "metrics": {
        "acc": 0.7279959204487506,
        "auprc": 0.8247834402979491,
        "auroc": 0.8091602589806326,
        "train_time": 5.357431411743164,
        "inference_time": 0.07723832130432129
    },
    "config": {
        "colsample_bytree": 0.9698426220175334,
        "gamma": 1.008554146139079e-08,
        "learning_rate": 0.01899844850590619,
        "max_depth": 7,
        "min_child_weight": 8,
        "n_estimators": 1315,
        "subsample": 0.6408258258618528
    }
}