{
    "dataset": "higgs_small",
    "model": "catboost",
    "seed": 48,
    "metrics": {
        "acc": 0.7346251912289649,
        "auprc": 0.8288567194187659,
        "auroc": 0.8145385535197172,
        "train_time": 19.59541392326355,
        "inference_time": 0.023944616317749023
    },
    "config": {
        "colsample_bytree": 0.7856956115757012,
        "learning_rate": 0.042162118693618925,
        "max_depth": 9,
        "min_data_in_leaf": 12,
        "n_estimators": 1234,
        "subsample": 0.7664882484875325
    }
}