{
    "dataset": "higgs_small",
    "model": "xgboost",
    "seed": 48,
    "metrics": {
        "acc": 0.7354411014788373,
        "auprc": 0.8298967319561924,
        "auroc": 0.8158294410517511,
        "train_time": 4.616031646728516,
        "inference_time": 0.05985903739929199
    },
    "config": {
        "colsample_bytree": 0.9698426220175334,
        "gamma": 1.008554146139079e-08,
        "learning_rate": 0.01899844850590619,
        "max_depth": 7,
        "min_child_weight": 8,
        "n_estimators": 1315,
        "subsample": 0.6408258258618528
    }
}