{
    "dataset": "higgs_small",
    "model": "catboost",
    "seed": 51,
    "metrics": {
        "acc": 0.7265680775114738,
        "auprc": 0.8272474631080584,
        "auroc": 0.8098541658161629,
        "train_time": 19.65693974494934,
        "inference_time": 0.025037050247192383
    },
    "config": {
        "colsample_bytree": 0.7856956115757012,
        "learning_rate": 0.042162118693618925,
        "max_depth": 9,
        "min_data_in_leaf": 12,
        "n_estimators": 1234,
        "subsample": 0.7664882484875325
    }
}