{
    "dataset": "higgs_small",
    "model": "xgboost",
    "seed": 51,
    "metrics": {
        "acc": 0.7295257521672616,
        "auprc": 0.8265833298094298,
        "auroc": 0.809674005085742,
        "train_time": 4.244388103485107,
        "inference_time": 0.05746650695800781
    },
    "config": {
        "colsample_bytree": 0.9698426220175334,
        "gamma": 1.008554146139079e-08,
        "learning_rate": 0.01899844850590619,
        "max_depth": 7,
        "min_child_weight": 8,
        "n_estimators": 1315,
        "subsample": 0.6408258258618528
    }
}