{
    "dataset": "higgs_small",
    "model": "catboost",
    "seed": 52,
    "metrics": {
        "acc": 0.7351351351351352,
        "auprc": 0.826381329476876,
        "auroc": 0.8138943411581363,
        "train_time": 16.959303379058838,
        "inference_time": 0.019719839096069336
    },
    "config": {
        "colsample_bytree": 0.7856956115757012,
        "learning_rate": 0.042162118693618925,
        "max_depth": 9,
        "min_data_in_leaf": 12,
        "n_estimators": 1234,
        "subsample": 0.7664882484875325
    }
}