{
    "dataset": "higgs_small",
    "model": "xgboost",
    "seed": 44,
    "metrics": {
        "acc": 0.7273839877613463,
        "auprc": 0.827670645238852,
        "auroc": 0.8138077462936187,
        "train_time": 5.1246325969696045,
        "inference_time": 0.07212591171264648
    },
    "config": {
        "colsample_bytree": 0.9698426220175334,
        "gamma": 1.008554146139079e-08,
        "learning_rate": 0.01899844850590619,
        "max_depth": 7,
        "min_child_weight": 8,
        "n_estimators": 1315,
        "subsample": 0.6408258258618528
    }
}