{
    "dataset": "mimic4",
    "model": "xgboost",
    "seed": 47,
    "metrics": {
        "acc": 0.906415413931823,
        "auprc": 0.5842965871136476,
        "auroc": 0.8658973273041355,
        "train_time": 2.5307888984680176,
        "inference_time": 0.02104973793029785
    },
    "config": {
        "colsample_bytree": 0.7554682219156207,
        "gamma": 5.0783254862156436e-08,
        "learning_rate": 0.015988691686666466,
        "max_depth": 9,
        "min_child_weight": 9,
        "n_estimators": 993,
        "subsample": 0.7664542448609134
    }
}