{
    "dataset": "mimic3",
    "model": "xgboost",
    "seed": 52,
    "metrics": {
        "acc": 0.9096522586935326,
        "auprc": 0.5296826060426975,
        "auroc": 0.8610717036921974,
        "train_time": 0.9147388935089111,
        "inference_time": 0.0076351165771484375
    },
    "config": {
        "colsample_bytree": 0.8112662389264393,
        "gamma": 1.2562674362790605e-06,
        "learning_rate": 0.029655426165113952,
        "max_depth": 9,
        "min_child_weight": 9,
        "n_estimators": 1803,
        "subsample": 0.5890413569343624
    }
}