{
    "dataset": "mimic4",
    "model": "catboost",
    "seed": 54,
    "metrics": {
        "acc": 0.9027101418589879,
        "auprc": 0.5794128696350634,
        "auroc": 0.8690147392368375,
        "train_time": 31.01717519760132,
        "inference_time": 0.016114234924316406
    },
    "config": {
        "colsample_bylevel": 0.9059163747477231,
        "learning_rate": 0.010082414116119487,
        "max_depth": 8,
        "min_data_in_leaf": 15,
        "n_estimators": 1725,
        "subsample": 0.8885003272975719
    }
}