{
    "dataset": "mimic3",
    "model": "xgboost",
    "seed": 43,
    "metrics": {
        "acc": 0.9067273318167046,
        "auprc": 0.4944050139451521,
        "auroc": 0.8482406297328493,
        "train_time": 1.913926601409912,
        "inference_time": 0.03425025939941406
    },
    "config": {
        "colsample_bytree": 0.8112662389264393,
        "gamma": 1.2562674362790605e-06,
        "learning_rate": 0.029655426165113952,
        "max_depth": 9,
        "min_child_weight": 9,
        "n_estimators": 1803,
        "subsample": 0.5890413569343624
    }
}