{
    "dataset": "mimic4",
    "model": "catboost",
    "seed": 53,
    "metrics": {
        "acc": 0.9053567647681559,
        "auprc": 0.5811762666886753,
        "auroc": 0.8657946556683807,
        "train_time": 30.511903047561646,
        "inference_time": 0.010072469711303711
    },
    "config": {
        "colsample_bylevel": 0.9059163747477231,
        "learning_rate": 0.010082414116119487,
        "max_depth": 8,
        "min_data_in_leaf": 15,
        "n_estimators": 1725,
        "subsample": 0.8885003272975719
    }
}