{
    "dataset": "mimic4",
    "model": "xgboost",
    "seed": 55,
    "metrics": {
        "acc": 0.9059919542663561,
        "auprc": 0.5912562387025673,
        "auroc": 0.8746438163529361,
        "train_time": 2.206721067428589,
        "inference_time": 0.021982192993164062
    },
    "config": {
        "colsample_bytree": 0.7554682219156207,
        "gamma": 5.0783254862156436e-08,
        "learning_rate": 0.015988691686666466,
        "max_depth": 9,
        "min_child_weight": 9,
        "n_estimators": 993,
        "subsample": 0.7664542448609134
    }
}