{
    "dataset": "mimic4",
    "model": "catboost",
    "seed": 57,
    "metrics": {
        "acc": 0.9020749523607876,
        "auprc": 0.5512433099424892,
        "auroc": 0.8593069956116753,
        "train_time": 30.67432713508606,
        "inference_time": 0.02126789093017578
    },
    "config": {
        "colsample_bylevel": 0.9059163747477231,
        "learning_rate": 0.010082414116119487,
        "max_depth": 8,
        "min_data_in_leaf": 15,
        "n_estimators": 1725,
        "subsample": 0.8885003272975719
    }
}