{
    "dataset": "mimic3",
    "model": "xgboost",
    "seed": 51,
    "metrics": {
        "acc": 0.9109522261943451,
        "auprc": 0.5250744324917076,
        "auroc": 0.8505030332925443,
        "train_time": 0.8867933750152588,
        "inference_time": 0.007313966751098633
    },
    "config": {
        "colsample_bytree": 0.8112662389264393,
        "gamma": 1.2562674362790605e-06,
        "learning_rate": 0.029655426165113952,
        "max_depth": 9,
        "min_child_weight": 9,
        "n_estimators": 1803,
        "subsample": 0.5890413569343624
    }
}