{
    "dataset": "mimic3",
    "model": "catboost",
    "seed": 57,
    "metrics": {
        "acc": 0.9129021774455639,
        "auprc": 0.5386190492443766,
        "auroc": 0.8518378362448921,
        "train_time": 4.705262184143066,
        "inference_time": 0.008096933364868164
    },
    "config": {
        "colsample_bylevel": 0.8312567678269636,
        "learning_rate": 0.06005717121154954,
        "max_depth": 7,
        "min_data_in_leaf": 17,
        "n_estimators": 859,
        "subsample": 0.5862765711238483
    }
}