{
    "dataset": "mimic4",
    "model": "catboost",
    "seed": 49,
    "metrics": {
        "acc": 0.9031336015244548,
        "auprc": 0.5712444387538772,
        "auroc": 0.8667094774347675,
        "train_time": 30.68131375312805,
        "inference_time": 0.023265600204467773
    },
    "config": {
        "colsample_bylevel": 0.9059163747477231,
        "learning_rate": 0.010082414116119487,
        "max_depth": 8,
        "min_data_in_leaf": 15,
        "n_estimators": 1725,
        "subsample": 0.8885003272975719
    }
}