{
    "dataset": "mimic4",
    "model": "xgboost",
    "seed": 54,
    "metrics": {
        "acc": 0.9040863857717553,
        "auprc": 0.5835119713829624,
        "auroc": 0.8696976619808047,
        "train_time": 2.2527623176574707,
        "inference_time": 0.027283906936645508
    },
    "config": {
        "colsample_bytree": 0.7554682219156207,
        "gamma": 5.0783254862156436e-08,
        "learning_rate": 0.015988691686666466,
        "max_depth": 9,
        "min_child_weight": 9,
        "n_estimators": 993,
        "subsample": 0.7664542448609134
    }
}