{
    "dataset": "mimic4",
    "model": "catboost",
    "seed": 51,
    "metrics": {
        "acc": 0.9091679017573576,
        "auprc": 0.6042038697409639,
        "auroc": 0.8724820404145666,
        "train_time": 31.051512241363525,
        "inference_time": 0.01887035369873047
    },
    "config": {
        "colsample_bylevel": 0.9059163747477231,
        "learning_rate": 0.010082414116119487,
        "max_depth": 8,
        "min_data_in_leaf": 15,
        "n_estimators": 1725,
        "subsample": 0.8885003272975719
    }
}