{
    "dataset": "mimic4",
    "model": "catboost",
    "seed": 45,
    "metrics": {
        "acc": 0.903451196273555,
        "auprc": 0.5737623356229102,
        "auroc": 0.8672941810042103,
        "train_time": 30.852423667907715,
        "inference_time": 0.012459993362426758
    },
    "config": {
        "colsample_bylevel": 0.9059163747477231,
        "learning_rate": 0.010082414116119487,
        "max_depth": 8,
        "min_data_in_leaf": 15,
        "n_estimators": 1725,
        "subsample": 0.8885003272975719
    }
}