{
    "dataset": "mimic4",
    "model": "catboost",
    "seed": 55,
    "metrics": {
        "acc": 0.9066271437645564,
        "auprc": 0.5925230243568806,
        "auroc": 0.8742358860954406,
        "train_time": 30.458583116531372,
        "inference_time": 0.019953489303588867
    },
    "config": {
        "colsample_bylevel": 0.9059163747477231,
        "learning_rate": 0.010082414116119487,
        "max_depth": 8,
        "min_data_in_leaf": 15,
        "n_estimators": 1725,
        "subsample": 0.8885003272975719
    }
}