{
    "dataset": "mimic3",
    "model": "catboost",
    "seed": 45,
    "metrics": {
        "acc": 0.9119272018199545,
        "auprc": 0.5403303633082935,
        "auroc": 0.8709299388879754,
        "train_time": 4.727461338043213,
        "inference_time": 0.005384683609008789
    },
    "config": {
        "colsample_bylevel": 0.8312567678269636,
        "learning_rate": 0.06005717121154954,
        "max_depth": 7,
        "min_data_in_leaf": 17,
        "n_estimators": 859,
        "subsample": 0.5862765711238483
    }
}