{
    "dataset": "mimic3",
    "model": "xgboost",
    "seed": 46,
    "metrics": {
        "acc": 0.9068898277543062,
        "auprc": 0.499995637528019,
        "auroc": 0.85316451442945,
        "train_time": 1.0118491649627686,
        "inference_time": 0.0073473453521728516
    },
    "config": {
        "colsample_bytree": 0.8112662389264393,
        "gamma": 1.2562674362790605e-06,
        "learning_rate": 0.029655426165113952,
        "max_depth": 9,
        "min_child_weight": 9,
        "n_estimators": 1803,
        "subsample": 0.5890413569343624
    }
}