{
    "dataset": "mimic4",
    "model": "catboost",
    "seed": 44,
    "metrics": {
        "acc": 0.906415413931823,
        "auprc": 0.594053662340599,
        "auroc": 0.8758372879846624,
        "train_time": 30.627744913101196,
        "inference_time": 0.014410018920898438
    },
    "config": {
        "colsample_bylevel": 0.9059163747477231,
        "learning_rate": 0.010082414116119487,
        "max_depth": 8,
        "min_data_in_leaf": 15,
        "n_estimators": 1725,
        "subsample": 0.8885003272975719
    }
}