{
    "dataset": "mimic4",
    "model": "catboost",
    "seed": 48,
    "metrics": {
        "acc": 0.8997459242007199,
        "auprc": 0.5501862491470731,
        "auroc": 0.8602691512813814,
        "train_time": 30.50727915763855,
        "inference_time": 0.013113021850585938
    },
    "config": {
        "colsample_bylevel": 0.9059163747477231,
        "learning_rate": 0.010082414116119487,
        "max_depth": 8,
        "min_data_in_leaf": 15,
        "n_estimators": 1725,
        "subsample": 0.8885003272975719
    }
}