{
    "dataset": "mimic4",
    "model": "xgboost",
    "seed": 51,
    "metrics": {
        "acc": 0.9089561719246242,
        "auprc": 0.6045864234694095,
        "auroc": 0.8733800594403576,
        "train_time": 1.9541823863983154,
        "inference_time": 0.016295194625854492
    },
    "config": {
        "colsample_bytree": 0.7554682219156207,
        "gamma": 5.0783254862156436e-08,
        "learning_rate": 0.015988691686666466,
        "max_depth": 9,
        "min_child_weight": 9,
        "n_estimators": 993,
        "subsample": 0.7664542448609134
    }
}