{
    "dataset": "mimic4",
    "model": "catboost",
    "seed": 56,
    "metrics": {
        "acc": 0.9037687910226551,
        "auprc": 0.5719206922922668,
        "auroc": 0.863825607694701,
        "train_time": 30.91231870651245,
        "inference_time": 0.016609668731689453
    },
    "config": {
        "colsample_bylevel": 0.9059163747477231,
        "learning_rate": 0.010082414116119487,
        "max_depth": 8,
        "min_data_in_leaf": 15,
        "n_estimators": 1725,
        "subsample": 0.8885003272975719
    }
}