{
    "dataset": "mimic3",
    "model": "xgboost",
    "seed": 44,
    "metrics": {
        "acc": 0.9090022749431265,
        "auprc": 0.5154625370527526,
        "auroc": 0.8626571350746776,
        "train_time": 1.5392796993255615,
        "inference_time": 0.009200334548950195
    },
    "config": {
        "colsample_bytree": 0.8112662389264393,
        "gamma": 1.2562674362790605e-06,
        "learning_rate": 0.029655426165113952,
        "max_depth": 9,
        "min_child_weight": 9,
        "n_estimators": 1803,
        "subsample": 0.5890413569343624
    }
}