{
    "dataset": "mimic3",
    "model": "xgboost",
    "seed": 57,
    "metrics": {
        "acc": 0.910627234319142,
        "auprc": 0.5380489052190113,
        "auroc": 0.8542620466207438,
        "train_time": 1.0160667896270752,
        "inference_time": 0.008290767669677734
    },
    "config": {
        "colsample_bytree": 0.8112662389264393,
        "gamma": 1.2562674362790605e-06,
        "learning_rate": 0.029655426165113952,
        "max_depth": 9,
        "min_child_weight": 9,
        "n_estimators": 1803,
        "subsample": 0.5890413569343624
    }
}