{
    "dataset": "mimic4",
    "model": "xgboost",
    "seed": 53,
    "metrics": {
        "acc": 0.9047215752699556,
        "auprc": 0.5776174871392361,
        "auroc": 0.8659009316775124,
        "train_time": 2.575220823287964,
        "inference_time": 0.02078700065612793
    },
    "config": {
        "colsample_bytree": 0.7554682219156207,
        "gamma": 5.0783254862156436e-08,
        "learning_rate": 0.015988691686666466,
        "max_depth": 9,
        "min_child_weight": 9,
        "n_estimators": 993,
        "subsample": 0.7664542448609134
    }
}