{
    "dataset": "mimic3",
    "model": "catboost",
    "seed": 55,
    "metrics": {
        "acc": 0.9124146896327592,
        "auprc": 0.5569291392234682,
        "auroc": 0.8730538082714543,
        "train_time": 4.651790380477905,
        "inference_time": 0.00889444351196289
    },
    "config": {
        "colsample_bylevel": 0.8312567678269636,
        "learning_rate": 0.06005717121154954,
        "max_depth": 7,
        "min_data_in_leaf": 17,
        "n_estimators": 859,
        "subsample": 0.5862765711238483
    }
}