{
    "dataset": "mimic4",
    "model": "catboost",
    "seed": 46,
    "metrics": {
        "acc": 0.9076857929282236,
        "auprc": 0.5860565638196276,
        "auroc": 0.8642196505135967,
        "train_time": 30.987894296646118,
        "inference_time": 0.015755891799926758
    },
    "config": {
        "colsample_bylevel": 0.9059163747477231,
        "learning_rate": 0.010082414116119487,
        "max_depth": 8,
        "min_data_in_leaf": 15,
        "n_estimators": 1725,
        "subsample": 0.8885003272975719
    }
}