{
    "dataset": "mimic3",
    "model": "xgboost",
    "seed": 55,
    "metrics": {
        "acc": 0.9124146896327592,
        "auprc": 0.5597297037139674,
        "auroc": 0.872466070832001,
        "train_time": 0.9697935581207275,
        "inference_time": 0.0076715946197509766
    },
    "config": {
        "colsample_bytree": 0.8112662389264393,
        "gamma": 1.2562674362790605e-06,
        "learning_rate": 0.029655426165113952,
        "max_depth": 9,
        "min_child_weight": 9,
        "n_estimators": 1803,
        "subsample": 0.5890413569343624
    }
}