{
    "dataset": "mimic3",
    "model": "catboost",
    "seed": 49,
    "metrics": {
        "acc": 0.9064023399415014,
        "auprc": 0.5070358054784584,
        "auroc": 0.8599208785325182,
        "train_time": 5.0030903816223145,
        "inference_time": 0.014733076095581055
    },
    "config": {
        "colsample_bylevel": 0.8312567678269636,
        "learning_rate": 0.06005717121154954,
        "max_depth": 7,
        "min_data_in_leaf": 17,
        "n_estimators": 859,
        "subsample": 0.5862765711238483
    }
}