{
    "dataset": "mimic4",
    "model": "xgboost",
    "seed": 46,
    "metrics": {
        "acc": 0.9054626296845225,
        "auprc": 0.5842377930435514,
        "auroc": 0.8642967204972762,
        "train_time": 2.1381008625030518,
        "inference_time": 0.024323463439941406
    },
    "config": {
        "colsample_bytree": 0.7554682219156207,
        "gamma": 5.0783254862156436e-08,
        "learning_rate": 0.015988691686666466,
        "max_depth": 9,
        "min_child_weight": 9,
        "n_estimators": 993,
        "subsample": 0.7664542448609134
    }
}