{
    "dataset": "nhanes",
    "model": "catboost",
    "seed": 47,
    "metrics": {
        "acc": 0.8430273300630694,
        "auprc": 0.819363761468569,
        "auroc": 0.8885194858264708,
        "train_time": 1.7154779434204102,
        "inference_time": 0.008514404296875
    },
    "config": {
        "colsample_bylevel": 0.6211361914020914,
        "learning_rate": 0.061731963984700815,
        "max_depth": 5,
        "min_data_in_leaf": 21,
        "n_estimators": 906,
        "subsample": 0.866895137313936
    }
}