{
    "dataset": "nhanes",
    "model": "catboost",
    "seed": 51,
    "metrics": {
        "acc": 0.8037841625788367,
        "auprc": 0.7732448589604546,
        "auroc": 0.8642765770327533,
        "train_time": 2.10786771774292,
        "inference_time": 0.004410743713378906
    },
    "config": {
        "colsample_bylevel": 0.6211361914020914,
        "learning_rate": 0.061731963984700815,
        "max_depth": 5,
        "min_data_in_leaf": 21,
        "n_estimators": 906,
        "subsample": 0.866895137313936
    }
}