{
    "dataset": "nhanes",
    "model": "xgboost",
    "seed": 55,
    "metrics": {
        "acc": 0.8241065171688857,
        "auprc": 0.784614069304835,
        "auroc": 0.8757362151213923,
        "train_time": 0.36217188835144043,
        "inference_time": 0.010936975479125977
    },
    "config": {
        "colsample_bytree": 0.8946331792145449,
        "gamma": 3.044155582706421e-08,
        "learning_rate": 0.11048462894649744,
        "max_depth": 3,
        "min_child_weight": 2,
        "n_estimators": 667,
        "subsample": 0.8255112291392005
    }
}