{
    "dataset": "nhanes",
    "model": "catboost",
    "seed": 43,
    "metrics": {
        "acc": 0.8395234758234057,
        "auprc": 0.812070336168788,
        "auroc": 0.8953708392186125,
        "train_time": 1.8740861415863037,
        "inference_time": 0.007210969924926758
    },
    "config": {
        "colsample_bylevel": 0.6211361914020914,
        "learning_rate": 0.061731963984700815,
        "max_depth": 5,
        "min_data_in_leaf": 21,
        "n_estimators": 906,
        "subsample": 0.866895137313936
    }
}