{
    "dataset": "nhanes",
    "model": "catboost",
    "seed": 46,
    "metrics": {
        "acc": 0.8051857042747022,
        "auprc": 0.7711996095390372,
        "auroc": 0.8589287459247217,
        "train_time": 1.9277479648590088,
        "inference_time": 0.005900859832763672
    },
    "config": {
        "colsample_bylevel": 0.6211361914020914,
        "learning_rate": 0.061731963984700815,
        "max_depth": 5,
        "min_data_in_leaf": 21,
        "n_estimators": 906,
        "subsample": 0.866895137313936
    }
}