{
    "dataset": "nhanes",
    "model": "catboost",
    "seed": 50,
    "metrics": {
        "acc": 0.8521373510861948,
        "auprc": 0.83889803501653,
        "auroc": 0.8996526574811893,
        "train_time": 1.9539055824279785,
        "inference_time": 0.0043909549713134766
    },
    "config": {
        "colsample_bylevel": 0.6211361914020914,
        "learning_rate": 0.061731963984700815,
        "max_depth": 5,
        "min_data_in_leaf": 21,
        "n_estimators": 906,
        "subsample": 0.866895137313936
    }
}