{
    "dataset": "nhanes",
    "model": "catboost",
    "seed": 57,
    "metrics": {
        "acc": 0.8220042046250876,
        "auprc": 0.7929634090921163,
        "auroc": 0.8743770487434374,
        "train_time": 3.032177686691284,
        "inference_time": 0.010755300521850586
    },
    "config": {
        "colsample_bylevel": 0.6211361914020914,
        "learning_rate": 0.061731963984700815,
        "max_depth": 5,
        "min_data_in_leaf": 21,
        "n_estimators": 906,
        "subsample": 0.866895137313936
    }
}