{
    "dataset": "nhanes",
    "model": "xgboost",
    "seed": 56,
    "metrics": {
        "acc": 0.8297126839523475,
        "auprc": 0.7988120257044409,
        "auroc": 0.8655402464266362,
        "train_time": 0.4497802257537842,
        "inference_time": 0.023274898529052734
    },
    "config": {
        "colsample_bytree": 0.8946331792145449,
        "gamma": 3.044155582706421e-08,
        "learning_rate": 0.11048462894649744,
        "max_depth": 3,
        "min_child_weight": 2,
        "n_estimators": 667,
        "subsample": 0.8255112291392005
    }
}