{
    "dataset": "nhanes",
    "model": "xgboost",
    "seed": 51,
    "metrics": {
        "acc": 0.8093903293622985,
        "auprc": 0.7752722759422633,
        "auroc": 0.8644231537990033,
        "train_time": 0.3904685974121094,
        "inference_time": 0.012110233306884766
    },
    "config": {
        "colsample_bytree": 0.8946331792145449,
        "gamma": 3.044155582706421e-08,
        "learning_rate": 0.11048462894649744,
        "max_depth": 3,
        "min_child_weight": 2,
        "n_estimators": 667,
        "subsample": 0.8255112291392005
    }
}