{
    "dataset": "nhanes",
    "model": "catboost",
    "seed": 52,
    "metrics": {
        "acc": 0.8128941836019622,
        "auprc": 0.7548398737061135,
        "auroc": 0.857707272872638,
        "train_time": 2.5232746601104736,
        "inference_time": 0.007908821105957031
    },
    "config": {
        "colsample_bylevel": 0.6211361914020914,
        "learning_rate": 0.061731963984700815,
        "max_depth": 5,
        "min_data_in_leaf": 21,
        "n_estimators": 906,
        "subsample": 0.866895137313936
    }
}