{
    "dataset": "nhanes",
    "model": "xgboost",
    "seed": 48,
    "metrics": {
        "acc": 0.8290119131044149,
        "auprc": 0.7922502488708817,
        "auroc": 0.880921923442511,
        "train_time": 0.4586775302886963,
        "inference_time": 0.013373136520385742
    },
    "config": {
        "colsample_bytree": 0.8946331792145449,
        "gamma": 3.044155582706421e-08,
        "learning_rate": 0.11048462894649744,
        "max_depth": 3,
        "min_child_weight": 2,
        "n_estimators": 667,
        "subsample": 0.8255112291392005
    }
}