{
    "dataset": "nhanes",
    "model": "catboost",
    "seed": 49,
    "metrics": {
        "acc": 0.826208829712684,
        "auprc": 0.8260811143405222,
        "auroc": 0.8900740878927592,
        "train_time": 2.2755322456359863,
        "inference_time": 0.006001472473144531
    },
    "config": {
        "colsample_bylevel": 0.6211361914020914,
        "learning_rate": 0.061731963984700815,
        "max_depth": 5,
        "min_data_in_leaf": 21,
        "n_estimators": 906,
        "subsample": 0.866895137313936
    }
}