{
    "dataset": "nhanes",
    "model": "xgboost",
    "seed": 44,
    "metrics": {
        "acc": 0.8100911002102312,
        "auprc": 0.7782446534701551,
        "auroc": 0.860123568655669,
        "train_time": 0.5359060764312744,
        "inference_time": 0.013044595718383789
    },
    "config": {
        "colsample_bytree": 0.8946331792145449,
        "gamma": 3.044155582706421e-08,
        "learning_rate": 0.11048462894649744,
        "max_depth": 3,
        "min_child_weight": 2,
        "n_estimators": 667,
        "subsample": 0.8255112291392005
    }
}