{
    "dataset": "nhanes",
    "model": "catboost",
    "seed": 45,
    "metrics": {
        "acc": 0.8213034337771549,
        "auprc": 0.7981848460838212,
        "auroc": 0.8723183114356527,
        "train_time": 2.0161170959472656,
        "inference_time": 0.005717754364013672
    },
    "config": {
        "colsample_bylevel": 0.6211361914020914,
        "learning_rate": 0.061731963984700815,
        "max_depth": 5,
        "min_data_in_leaf": 21,
        "n_estimators": 906,
        "subsample": 0.866895137313936
    }
}