{
    "dataset": "nhanes",
    "model": "xgboost",
    "seed": 49,
    "metrics": {
        "acc": 0.8318149964961458,
        "auprc": 0.8268928739935915,
        "auroc": 0.8903561371247857,
        "train_time": 0.3125491142272949,
        "inference_time": 0.01437997817993164
    },
    "config": {
        "colsample_bytree": 0.8946331792145449,
        "gamma": 3.044155582706421e-08,
        "learning_rate": 0.11048462894649744,
        "max_depth": 3,
        "min_child_weight": 2,
        "n_estimators": 667,
        "subsample": 0.8255112291392005
    }
}