{
    "dataset": "nhanes",
    "model": "xgboost",
    "seed": 57,
    "metrics": {
        "acc": 0.8227049754730204,
        "auprc": 0.7899646801865936,
        "auroc": 0.874952251507964,
        "train_time": 0.37404346466064453,
        "inference_time": 0.011703014373779297
    },
    "config": {
        "colsample_bytree": 0.8946331792145449,
        "gamma": 3.044155582706421e-08,
        "learning_rate": 0.11048462894649744,
        "max_depth": 3,
        "min_child_weight": 2,
        "n_estimators": 667,
        "subsample": 0.8255112291392005
    }
}