{
    "dataset": "year_prediction",
    "model": "catboost",
    "seed": 43,
    "metrics": {
        "rmse": 8.6666644761225,
        "train_time": 113.57895708084106,
        "inference_time": 0.05272030830383301
    },
    "config": {
        "colsample_bytree": 0.5444811785037783,
        "learning_rate": 0.10147471728682907,
        "max_depth": 10,
        "min_data_in_leaf": 5,
        "n_estimators": 1847,
        "subsample": 0.8405099730478123
    }
}