{
    "dataset": "year_prediction",
    "model": "catboost",
    "seed": 49,
    "metrics": {
        "rmse": 8.578490887674509,
        "train_time": 118.34248328208923,
        "inference_time": 0.052559852600097656
    },
    "config": {
        "colsample_bytree": 0.5444811785037783,
        "learning_rate": 0.10147471728682907,
        "max_depth": 10,
        "min_data_in_leaf": 5,
        "n_estimators": 1847,
        "subsample": 0.8405099730478123
    }
}