{
    "dataset": "year_prediction",
    "model": "catboost",
    "seed": 54,
    "metrics": {
        "rmse": 8.610080718398137,
        "train_time": 114.65401673316956,
        "inference_time": 0.04771161079406738
    },
    "config": {
        "colsample_bytree": 0.5444811785037783,
        "learning_rate": 0.10147471728682907,
        "max_depth": 10,
        "min_data_in_leaf": 5,
        "n_estimators": 1847,
        "subsample": 0.8405099730478123
    }
}