{
    "dataset": "year_prediction",
    "model": "catboost",
    "seed": 55,
    "metrics": {
        "rmse": 8.57315223400286,
        "train_time": 115.02801299095154,
        "inference_time": 0.04973411560058594
    },
    "config": {
        "colsample_bytree": 0.5444811785037783,
        "learning_rate": 0.10147471728682907,
        "max_depth": 10,
        "min_data_in_leaf": 5,
        "n_estimators": 1847,
        "subsample": 0.8405099730478123
    }
}