{
    "dataset": "year_prediction",
    "model": "catboost",
    "seed": 50,
    "metrics": {
        "rmse": 8.580804711477235,
        "train_time": 117.03893971443176,
        "inference_time": 0.04947257041931152
    },
    "config": {
        "colsample_bytree": 0.5444811785037783,
        "learning_rate": 0.10147471728682907,
        "max_depth": 10,
        "min_data_in_leaf": 5,
        "n_estimators": 1847,
        "subsample": 0.8405099730478123
    }
}