{
    "dataset": "year_prediction",
    "model": "catboost",
    "seed": 47,
    "metrics": {
        "rmse": 8.519951262924897,
        "train_time": 117.1615834236145,
        "inference_time": 0.05758404731750488
    },
    "config": {
        "colsample_bytree": 0.5444811785037783,
        "learning_rate": 0.10147471728682907,
        "max_depth": 10,
        "min_data_in_leaf": 5,
        "n_estimators": 1847,
        "subsample": 0.8405099730478123
    }
}