{
    "dataset": "year_prediction",
    "model": "catboost",
    "seed": 57,
    "metrics": {
        "rmse": 8.540173992380842,
        "train_time": 119.40034055709839,
        "inference_time": 0.05172419548034668
    },
    "config": {
        "colsample_bytree": 0.5444811785037783,
        "learning_rate": 0.10147471728682907,
        "max_depth": 10,
        "min_data_in_leaf": 5,
        "n_estimators": 1847,
        "subsample": 0.8405099730478123
    }
}