{
    "dataset": "year_prediction",
    "model": "catboost",
    "seed": 52,
    "metrics": {
        "rmse": 8.582708045783374,
        "train_time": 116.1570291519165,
        "inference_time": 0.05778861045837402
    },
    "config": {
        "colsample_bytree": 0.5444811785037783,
        "learning_rate": 0.10147471728682907,
        "max_depth": 10,
        "min_data_in_leaf": 5,
        "n_estimators": 1847,
        "subsample": 0.8405099730478123
    }
}