{
    "dataset": "year_prediction",
    "model": "catboost",
    "seed": 56,
    "metrics": {
        "rmse": 8.608262910422066,
        "train_time": 117.23612713813782,
        "inference_time": 0.05734419822692871
    },
    "config": {
        "colsample_bytree": 0.5444811785037783,
        "learning_rate": 0.10147471728682907,
        "max_depth": 10,
        "min_data_in_leaf": 5,
        "n_estimators": 1847,
        "subsample": 0.8405099730478123
    }
}