{
    "dataset": "year_prediction",
    "model": "catboost",
    "seed": 44,
    "metrics": {
        "rmse": 8.60626244986759,
        "train_time": 114.53300762176514,
        "inference_time": 0.051386356353759766
    },
    "config": {
        "colsample_bytree": 0.5444811785037783,
        "learning_rate": 0.10147471728682907,
        "max_depth": 10,
        "min_data_in_leaf": 5,
        "n_estimators": 1847,
        "subsample": 0.8405099730478123
    }
}